hour,avg_predicted_engagement
1,0.07789068959404476
2,0.07784358680280007
0,0.07778285461905506
3,0.07767743273541321
6,0.07767165184482555
