day,avg_predicted_engagement
Wednesday,0.07785146361287501
Tuesday,0.07784852071207549
Saturday,0.07780318045292312
Sunday,0.07770758712946069
